﻿CIIU;DESC_CIIU
1313;Acabado De Productos Textiles
1922;Actividad De Mezcla De Combustibles
8110;Actividades Combinadas De Apoyo A Instalaciones
8211;Actividades Combinadas De Servicios Administrativos De Oficina
6630;Actividades De Administración De Fondos
7010;Actividades De Administración Empresarial
5223;Actividades De Aeropuertos, Servicios De Navegación Aérea Y Demás Actividades Conexas Al Transporte Aéreo
8291;Actividades De Agencias De Cobranza Y Oficinas De Calificación Crediticia
7810;Actividades De Agencias De Gestión Y Colocación De Empleo
6391;Actividades De Agencias De Noticias
6621;Actividades De Agentes Y Corredores De Seguros
161;Actividades De Apoyo A La Agricultura
8560;Actividades De Apoyo A La Educación
162;Actividades De Apoyo A La Ganadería
8691;Actividades De Apoyo Diagnóstico
910;Actividades De Apoyo Para La Extracción De Petróleo Y De Gas Natural
990;Actividades De Apoyo Para Otras Actividades De Explotación De Minas Y Canteras
8692;Actividades De Apoyo Terapéutico
7111;Actividades De Arquitectura
7110;Actividades De Arquitectura E Ingeniería Y Otras Actividades Conexas De Consultoría Técnica
8810;Actividades De Asistencia Social Sin Alojamiento Para Personas Mayores Y Discapacitadas
9411;Actividades De Asociaciones Empresariales Y De Empleadores
9492;Actividades De Asociaciones Políticas
9412;Actividades De Asociaciones Profesionales
9491;Actividades De Asociaciones Religiosas
8730;Actividades De Atención En Instituciones Para El Cuidado De Personas Mayores Y/O Discapacitadas
8710;Actividades De Atención Residencial Medicalizada De Tipo General
8720;Actividades De Atención Residencial, Para El Cuidado De Pacientes Con Retardo Mental, Enfermedad Mental Y Consumo De Sustancias Psicoactivas
9101;Actividades De Bibliotecas Y Archivos
8220;Actividades De Centros De Llamadas (Call Center)
9312;Actividades De Clubes Deportivos
6493;Actividades De Compra De Cartera O Factoring
7020;Actividades De Consultoría De Gestión
6202;Actividades De Consultoría Informática Y Actividades De Administración De Instalaciones Informáticas
6920;Actividades De Contabilidad, Teneduría De Libros, Auditoría Financiera Y Asesoría Tributaria
8422;Actividades De Defensa
6201;Actividades De Desarrollo De Sistemas Informáticos (Planificación, Análisis, Diseño, Programación, Pruebas)
8030;Actividades De Detectives E Investigadores Privados
5913;Actividades De Distribución De Películas Cinematográficas, Videos, Programas, Anuncios Y Comerciales De Televisión
7820;Actividades De Empresas De Servicios Temporales
8292;Actividades De Envase Y Empaque
9007;Actividades De Espectáculos Musicales En Vivo
5221;Actividades De Estaciones, Vías Y Servicios Complementarios Para El Transporte Terrestre
5914;Actividades De Exhibición De Películas Cinematográficas Y Videos
7420;Actividades De Fotografía
5920;Actividades De Grabación De Sonido Y Edición De Música
8891;Actividades De Guarderías Para Niños Y Niñas
8610;Actividades De Hospitales Y Clínicas, Con Internación
1811;Actividades De Impresión
7112;Actividades De Ingeniería Y Otras Actividades Conexas De Consultoría Técnica
9103;Actividades De Jardines Botánicos, Zoológicos Y Reservas Naturales
9200;Actividades De Juegos De Azar Y Apuestas
8621;Actividades De La Práctica Médica, Sin Internación
8622;Actividades De La Práctica Odontológica
7911;Actividades De Las Agencias De Viaje
6422;Actividades De Las Compañías De Financiamiento
6424;Actividades De Las Cooperativas Financieras
6421;Actividades De Las Corporaciones Financieras
6614;Actividades De Las Sociedades De Intermediación Cambiaria Y De Servicios Financieros Especiales
9700;Actividades De Los Hogares Individuales Como Empleadores De Personal Doméstico
6615;Actividades De Los Profesionales De Compra Y Venta De Divisas
5320;Actividades De Mensajería
7912;Actividades De Operadores Turísticos
9499;Actividades De Otras Asociaciones N.C.P.
5629;Actividades De Otros Servicios De Comidas
8130;Actividades De Paisajismo Y Servicios De Mantenimiento Conexos
9321;Actividades De Parques De Atracciones Y Parques Temáticos
8430;Actividades De Planes De Seguridad Social De Afiliación Obligatoria
5912;Actividades De Postproducción De Películas Cinematográficas, Videos, Programas, Anuncios Y Comerciales De Televisión
5911;Actividades De Producción De Películas Cinematográficas, Videos, Programas, Anuncios Y Comerciales De Televisión
6020;Actividades De Programación Y Transmisión De Televisión
6010;Actividades De Programación Y Transmisión En El Servicio De Radiodifusión Sonora
5222;Actividades De Puertos Y Servicios Complementarios Para El Transporte Acuático
3900;Actividades De Saneamiento Ambiental Y Otros Servicios De Gestión De Desechos
8010;Actividades De Seguridad Privada
8020;Actividades De Servicios De Sistemas De Seguridad
1812;Actividades De Servicios Relacionados Con La Impresión
6130;Actividades De Telecomunicación Satelital
6110;Actividades De Telecomunicaciones Alámbricas
6120;Actividades De Telecomunicaciones Inalámbricas
5520;Actividades De Zonas De Camping Y Parques Para Vehículos Recreacionales
8412;Actividades Ejecutivas De La Administración Pública
7410;Actividades Especializadas De Diseño
6492;Actividades Financieras De Fondos De Empleados Y Otras Formas Asociativas Del Sector Solidario
6820;Actividades Inmobiliarias Realizadas A Cambio De Una Retribución O Por Contrata
6810;Actividades Inmobiliarias Realizadas Con Bienes Propios O Arrendados
6910;Actividades Jurídicas
8411;Actividades Legislativas De La Administración Pública
9820;Actividades No Diferenciadas De Los Hogares Individuales Como Productores De Servicios Para Uso Propio
5310;Actividades Postales Nacionales
163;Actividades Posteriores A La Cosecha
8414;Actividades Reguladoras Y Facilitadoras De La Actividad Económica
9006;Actividades Teatrales
7500;Actividades Veterinarias
9102;Actividades Y Funcionamiento De Museos, Conservación De Edificios Y Sitios Históricos
322;Acuicultura De Agua Dulce
321;Acuicultura Marítima
8424;Administración De Justicia
6611;Administración De Mercados Financieros
5210;Almacenamiento Y Depósito
5512;Alojamiento En Apartahoteles
5513;Alojamiento En Centros Vacacionales
5511;Alojamiento En Hoteles
5514;Alojamiento Rural
7722;Alquiler De Videos Y Discos
7721;Alquiler Y Arrendamiento De Equipo Recreativo Y Deportivo
7729;Alquiler Y Arrendamiento De Otros Efectos Personales Y Enseres Domésticos N.C.P.
7730;Alquiler Y Arrendamiento De Otros Tipos De Maquinaria, Equipo Y Bienes Tangibles N.C.P.
7710;Alquiler Y Arrendamiento De Vehículos Automotores
7740;Arrendamiento De Propiedad Intelectual Y Productos Similares, Excepto Obras Protegidas Por Derechos De Autor
9005;Artes Plásticas Y Visuales
1610;Aserrado, Acepillado E Impregnación De La Madera
6423;Banca De Segundo Piso
6412;Bancos Comerciales
6496;Capitalización
3600;Captación, Tratamiento Y Distribución De Agua
5621;Catering Para Eventos
3514;Comercialización De Energía Eléctrica
4610;Comercio Al Por Mayor A Cambio De Una Retribución O Por Contrata
4644;Comercio Al Por Mayor De Aparatos Y Equipo De Uso Doméstico
4632;Comercio Al Por Mayor De Bebidas Y Tabaco
4643;Comercio Al Por Mayor De Calzado
4661;Comercio Al Por Mayor De Combustibles Sólidos, Líquidos, Gaseosos Y Productos Conexos
4651;Comercio Al Por Mayor De Computadores, Equipo Periférico Y Programas De Informática
4665;Comercio Al Por Mayor De Desperdicios, Desechos Y Chatarra
4652;Comercio Al Por Mayor De Equipo, Partes Y Piezas Electrónicos Y De Telecomunicaciones
4653;Comercio Al Por Mayor De Maquinaria Y Equipo Agropecuarios
4663;Comercio Al Por Mayor De Materiales De Construcción, Artículos De Ferretería, Pinturas, Productos De Vidrio, Equipo Y Materiales De Fontanería Y Calefacción
4620;Comercio Al Por Mayor De Materias Primas Agropecuarias  Animales Vivos
4662;Comercio Al Por Mayor De Metales Y Productos Metalíferos
4669;Comercio Al Por Mayor De Otros Productos N.C.P.
4659;Comercio Al Por Mayor De Otros Tipos De Maquinaria Y Equipo N.C.P.
4649;Comercio Al Por Mayor De Otros Utensilios Domésticos N.C.P.
4642;Comercio Al Por Mayor De Prendas De Vestir
4631;Comercio Al Por Mayor De Productos Alimenticios
4645;Comercio Al Por Mayor De Productos Farmacéuticos, Medicinales, Cosméticos Y De Tocador
4664;Comercio Al Por Mayor De Productos Químicos Básicos, Cauchos Y Plásticos En Formas Primarias Y Productos Químicos De Uso Agropecuario
4641;Comercio Al Por Mayor De Productos Textiles, Productos Confeccionados Para Uso Doméstico
4690;Comercio Al Por Mayor No Especializado
4781;Comercio Al Por Menor De Alimentos, Bebidas Y Tabaco, En Puestos De Venta Móviles
4752;Comercio Al Por Menor De Artículos De Ferretería, Pinturas Y Productos De Vidrio En Establecimientos Especializados
4775;Comercio Al Por Menor De Artículos De Segunda Mano
4762;Comercio Al Por Menor De Artículos Deportivos, En Establecimientos Especializados
4755;Comercio Al Por Menor De Artículos Y Utensilios De Uso Doméstico En Establecimientos Especializados
4724;Comercio Al Por Menor De Bebidas Y Productos Del Tabaco, En Establecimientos Especializados
4723;Comercio Al Por Menor De Carnes (Incluye Aves De Corral), Productos Cárnicos, Pescados Y Productos De Mar, En Establecimientos Especializados
4731;Comercio Al Por Menor De Combustible Para Automotores
4741;Comercio Al Por Menor De Computadores, Equipos Periféricos, Programas De Informática Y Equipos De Telecomunicaciones En Establecimientos Especializados
4754;Comercio Al Por Menor De Electrodomésticos Y Gasodomésticos, Muebles Y Equipos De Iluminación En Establecimientos Especializados
4742;Comercio Al Por Menor De Equipos Y Aparatos De Sonido Y De Video, En Establecimientos Especializados
4722;Comercio Al Por Menor De Leche, Productos Lácteos Y Huevos, En Establecimientos Especializados
4761;Comercio Al Por Menor De Libros, Periódicos, Materiales Y Artículos De Papelería Y Escritorio, En Establecimientos Especializados
4732;Comercio Al Por Menor De Lubricantes (Aceites, Grasas), Aditivos Y Productos De Limpieza Para Vehículos Automotores
4769;Comercio Al Por Menor De Otros Artículos Culturales Y De Entretenimiento N.C.P. En Establecimientos Especializados
4759;Comercio Al Por Menor De Otros Artículos Domésticos En Establecimientos Especializados
4729;Comercio Al Por Menor De Otros Productos Alimenticios N.C.P., En Establecimientos Especializados
4789;Comercio Al Por Menor De Otros Productos En Puestos De Venta Móviles
4774;Comercio Al Por Menor De Otros Productos Nuevos En Establecimientos Especializados
4771;Comercio Al Por Menor De Prendas De Vestir Y Sus Accesorios (Incluye Artículos De Piel) En Establecimientos Especializados
4721;Comercio Al Por Menor De Productos Agrícolas Para El Consumo En Establecimientos Especializados
4773;Comercio Al Por Menor De Productos Farmacéuticos Y Medicinales, Cosméticos Y Artículos De Tocador En Establecimientos Especializados
4751;Comercio Al Por Menor De Productos Textiles En Establecimientos Especializados
4782;Comercio Al Por Menor De Productos Textiles, Prendas De Vestir Y Calzado, En Puestos De Venta Móviles
4753;Comercio Al Por Menor De Tapices, Alfombras Y Recubrimientos Para Paredes Y Pisos En Establecimientos Especializados
4772;Comercio Al Por Menor De Todo Tipo De Calzado Y Artículos De Cuero Y Sucedáneos Del Cuero En Establecimientos Especializados
4711;Comercio Al Por Menor En Establecimientos No Especializados Con Surtido Compuesto Principalmente Por Alimentos, Bebidas (Alcohólicas Y No Alcohólicas) O Tabaco
4719;Comercio Al Por Menor En Establecimientos No Especializados, Con Surtido Compuesto Principalmente Por Productos Diferentes De Alimentos (Víveres En General), Bebidas (Alcohólicas Y No Alcohólicas) Y Tabaco
4792;Comercio Al Por Menor Realizado A Través De Casas De Venta O Por Correo
4791;Comercio Al Por Menor Realizado A Través De Internet
4541;Comercio De Motocicletas Y De Sus Partes, Piezas Y Accesorios
4530;Comercio De Partes, Piezas (Autopartes) Y Accesorios (Lujos) Para Vehículos Automotores
4511;Comercio De Vehículos Automotores Nuevos
4512;Comercio De Vehículos Automotores Usados
1392;Confección De Artículos Con Materiales Textiles, Excepto Prendas De Vestir
1410;Confección De Prendas De Vestir, Excepto Prendas De Piel
4210;Construcción De Carreteras Y Vías De Ferrocarril
4112;Construcción De Edificios No Residenciales
4111;Construcción De Edificios Residenciales
4290;Construcción De Otras Obras De Ingeniería Civil
4220;Construcción De Proyectos De Servicio Público
6612;Corretaje De Valores Y De Contratos De Productos Básicos
2396;Corte, Tallado Y Acabado De La Piedra
9004;Creación Audiovisual
9001;Creación Literaria
9002;Creación Musical
9003;Creación Teatral
145;Cría De Aves De Corral
142;Cría De Caballos Y Otros Equinos
141;Cría De Ganado Bovino Y Bufalino
144;Cría De Ganado Porcino
149;Cría De Otros Animales N.C.P.
143;Cría De Ovejas Y Cabras
112;Cultivo De Arroz
123;Cultivo De Café
124;Cultivo De Caña De Azúcar
111;Cultivo De Cereales (Excepto Arroz), Legumbres Y Semillas Oleaginosas
128;Cultivo De Especias Y De Plantas Aromáticas Y Medicinales
125;Cultivo De Flor De Corte
121;Cultivo De Frutas Tropicales Y Subtropicales
113;Cultivo De Hortalizas, Raíces Y Tubérculos
126;Cultivo De Palma Para Aceite (Palma Africana) Y Otros Frutos Oleaginosos
127;Cultivo De Plantas Con Las Que Se Preparan Bebidas
115;Cultivo De Plantas Textiles
122;Cultivo De Plátano Y Banano
114;Cultivo De Tabaco
1511;Curtido Y Recurtido De Cueros  Recurtido Y Teñido De Pieles
4311;Demolición
1062;Descafeinado, Tostión Y Molienda Del Café
1101;Destilación, Rectificación Y Mezcla De Bebidas Alcohólicas
3513;Distribución De Energía Eléctrica
5812;Edición De Directorios Y Listas De Correo
5811;Edición De Libros
5813;Edición De Periódicos, Revistas Y Otras Publicaciones Periódicas
5820;Edición De Programas De Informática (Software)
8513;Educación Básica Primaria
8521;Educación Básica Secundaria
8543;Educación De Instituciones Universitarias O De Escuelas Tecnológicas
8511;Educación De La Primera Infancia
8544;Educación De Universidades
8522;Educación Media Académica
8523;Educación Media Técnica
8512;Educación Preescolar
8541;Educación Técnica Profesional
8542;Educación Tecnológica
1033;Elaboración De Aceites Y Grasas De Origen Animal
1032;Elaboración De Aceites Y Grasas De Origen Vegetal Refinados
1090;Elaboración De Alimentos Preparados Para Animales
1052;Elaboración De Almidones Y Productos Derivados Del Almidón
1102;Elaboración De Bebidas Fermentadas No Destiladas
1104;Elaboración De Bebidas No Alcohólicas, Producción De Aguas Minerales Y Otras Aguas Embotelladas
1082;Elaboración De Cacao, Chocolate Y Productos De Confitería
1084;Elaboración De Comidas Y Platos Preparados
1083;Elaboración De Macarrones, Fideos, Alcuzcuz Y Productos Farináceos Similares
1089;Elaboración De Otros Productos Alimenticios N.C.P.
1072;Elaboración De Panela
1051;Elaboración De Productos De Molinería
1081;Elaboración De Productos De Panadería
1200;Elaboración De Productos De Tabaco
1040;Elaboración De Productos Lácteos
1071;Elaboración Y Refinación De Azúcar
7120;Ensayos Y Análisis Técnicos
8553;Enseñanza Cultural
8552;Enseñanza Deportiva Y Recreativa
8530;Establecimientos Que Combinan Diferentes Niveles De Educación
7320;Estudios De Mercado Y Realización De Encuestas De Opinión Pública
3700;Evacuación Y Tratamiento De Aguas Residuales
6629;Evaluación De Riesgos Y Daños, Y Otras Actividades De Servicios Auxiliares
5611;Expendio A La Mesa De Comidas Preparadas
5630;Expendio De Bebidas Alcohólicas Para El Consumo Dentro Del Establecimiento
5613;Expendio De Comidas Preparadas En Cafeterías
5612;Expendio Por Autoservicio De Comidas Preparadas
150;Explotación Mixta (Agrícola Y Pecuaria)
1031;Extracción De Aceites De Origen Vegetal Crudos
812;Extracción De Arcillas De Uso Industrial, Caliza, Caolín Y Bentonitas
520;Extracción De Carbón Lignito
820;Extracción De Esmeraldas, Piedras Preciosas Y Semipreciosas
620;Extracción De Gas Natural
510;Extracción De Hulla (Carbón De Piedra)
220;Extracción De Madera
710;Extracción De Minerales De Hierro
891;Extracción De Minerales Para La Fabricación De Abonos Y Productos Químicos
722;Extracción De Oro Y Otros Metales Preciosos
729;Extracción De Otros Minerales Metalíferos No Ferrosos N.C.P.
899;Extracción De Otros Minerales No Metálicos N.C.P.
610;Extracción De Petróleo Crudo
811;Extracción De Piedra, Arena, Arcillas Comunes, Yeso Y Anhidrita
2012;Fabricación De Abonos Y Compuestos Inorgánicos Nitrogenados
3030;Fabricación De Aeronaves, Naves Espaciales Y De Maquinaria Conexa
2712;Fabricación De Aparatos De Distribución Y Control De La Energía Eléctrica
2750;Fabricación De Aparatos De Uso Doméstico
2640;Fabricación De Aparatos Electrónicos De Consumo
2593;Fabricación De Artículos De Cuchillería, Herramientas De Mano Y Artículos De Ferretería
2395;Fabricación De Artículos De Hormigón, Cemento Y Yeso
1420;Fabricación De Artículos De Piel
2229;Fabricación De Artículos De Plástico N.C.P.
1430;Fabricación De Artículos De Punto Y Ganchillo
1513;Fabricación De Artículos De Viaje, Bolsos De Mano Y Artículos Similares  Artículos De Talabartería Y Guarnicionería Elaborados En Otros Materiales
1512;Fabricación De Artículos De Viaje, Bolsos De Mano Y Artículos Similares Elaborados En Cuero, Y Fabricación De Artículos De Talabartería Y Guarnicionería
3230;Fabricación De Artículos Y Equipo Para La Práctica Del Deporte
3092;Fabricación De Bicicletas Y De Sillas De Ruedas Para Personas Con Discapacidad
1521;Fabricación De Calzado De Cuero Y Piel, Con Cualquier Tipo De Suela
2920;Fabricación De Carrocerías Para Vehículos Automotores  Fabricación De Remolques Y Semirremolques
2014;Fabricación De Caucho Sintético En Formas Primarias
2394;Fabricación De Cemento, Cal Y Yeso
2814;Fabricación De Cojinetes, Engranajes, Trenes De Engranajes Y Piezas De Transmisión
3120;Fabricación De Colchones Y Somieres
2610;Fabricación De Componentes Y Tableros Electrónicos
2620;Fabricación De Computadoras Y De Equipo Periférico
1394;Fabricación De Cuerdas, Cordeles, Cables, Bramantes Y Redes
2816;Fabricación De Equipo De Elevación Y Manipulación
2660;Fabricación De Equipo De Irradiación Y Equipo Electrónico De Uso Médico Y Terapéutico
2651;Fabricación De Equipo De Medición, Prueba, Navegación Y Control
2630;Fabricación De Equipos De Comunicación
2812;Fabricación De Equipos De Potencia Hidráulica Y Neumática
2740;Fabricación De Equipos Eléctricos De Iluminación
2030;Fabricación De Fibras Sintéticas Y Artificiales
2219;Fabricación De Formas Básicas De Caucho Y Otros Productos De Caucho N.C.P.
2221;Fabricación De Formas Básicas De Plástico
2513;Fabricación De Generadores De Vapor, Excepto Calderas De Agua Caliente Para Calefacción Central
2818;Fabricación De Herramientas Manuales Con Motor
2731;Fabricación De Hilos Y Cables Eléctricos Y De Fibra Óptica
1620;Fabricación De Hojas De Madera Para Enchapado  Fabricación De Tableros Contrachapados, Tableros Laminados, Tableros De Partículas Y Otros Tableros Y Paneles
2815;Fabricación De Hornos, Hogares Y Quemadores Industriales
3220;Fabricación De Instrumentos Musicales
2670;Fabricación De Instrumentos Ópticos Y Equipo Fotográfico
3250;Fabricación De Instrumentos, Aparatos Y Materiales Médicos Y Odontológicos (Incluido Mobiliario)
2023;Fabricación De Jabones Y Detergentes, Preparados Para Limpiar Y Pulir  Perfumes Y Preparados De Tocador
3210;Fabricación De Joyas, Bisutería Y Artículos Conexos
3240;Fabricación De Juegos, Juguetes Y Rompecabezas
2211;Fabricación De Llantas Y Neumáticos De Caucho
3020;Fabricación De Locomotoras Y De Material Rodante Para Ferrocarriles
2821;Fabricación De Maquinaria Agropecuaria Y Forestal
2824;Fabricación De Maquinaria Para Explotación De Minas Y Canteras Y Para Obras De Construcción
2825;Fabricación De Maquinaria Para La Elaboración De Alimentos, Bebidas Y Tabaco
2826;Fabricación De Maquinaria Para La Elaboración De Productos Textiles, Prendas De Vestir Y Cueros
2823;Fabricación De Maquinaria Para La Metalurgia
2817;Fabricación De Maquinaria Y Equipo De Oficina (Excepto Computadoras Y Equipo Periférico)
2822;Fabricación De Máquinas Formadoras De Metal Y De Máquinas Herramienta
2392;Fabricación De Materiales De Arcilla Para La Construcción
2711;Fabricación De Motores, Generadores Y Transformadores Eléctricos
2811;Fabricación De Motores, Turbinas, Y Partes Para Motores De Combustión Interna
3110;Fabricación De Muebles
2813;Fabricación De Otras Bombas, Compresores, Grifos Y Válvulas
1709;Fabricación De Otros Artículos De Papel Y Cartón
1399;Fabricación De Otros Artículos Textiles N.C.P.
2393;Fabricación De Otros Productos De Cerámica Y Porcelana
1690;Fabricación De Otros Productos De Madera  Fabricación De Artículos De Corcho, Cestería Y Espartería
2599;Fabricación De Otros Productos Elaborados De Metal N.C.P.
2399;Fabricación De Otros Productos Minerales No Metálicos N.C.P.
2029;Fabricación De Otros Productos Químicos N.C.P.
1522;Fabricación De Otros Tipos De Calzado, Excepto Calzado De Cuero Y Piel
3099;Fabricación De Otros Tipos De Equipo De Transporte N.C.P.
2790;Fabricación De Otros Tipos De Equipo Eléctrico N.C.P.
2829;Fabricación De Otros Tipos De Maquinaria Y Equipo De Uso Especial N.C.P.
2819;Fabricación De Otros Tipos De Maquinaria Y Equipo De Uso General N.C.P.
1702;Fabricación De Papel Y Cartón Ondulado (Corrugado)  Fabricación De Envases, Empaques Y De Embalajes De Papel Y Cartón
1523;Fabricación De Partes Del Calzado
1630;Fabricación De Partes Y Piezas De Madera, De Carpintería Y Ebanistería Para La Construcción
2930;Fabricación De Partes, Piezas (Autopartes) Y Accesorios (Lujos) Para Vehículos Automotores
2720;Fabricación De Pilas, Baterías Y Acumuladores Eléctricos
2022;Fabricación De Pinturas, Barnices Y Revestimientos Similares, Tintas Para Impresión Y Masillas
2021;Fabricación De Plaguicidas Y Otros Productos Químicos De Uso Agropecuario
2013;Fabricación De Plásticos En Formas Primarias
1921;Fabricación De Productos De La Refinación Del Petróleo
2100;Fabricación De Productos Farmacéuticos, Sustancias Químicas Medicinales Y Productos Botánicos De Uso Farmacéutico
2511;Fabricación De Productos Metálicos Para Uso Estructural
2391;Fabricación De Productos Refractarios
1640;Fabricación De Recipientes De Madera
2652;Fabricación De Relojes
2011;Fabricación De Sustancias Y Productos Químicos Básicos
2512;Fabricación De Tanques, Depósitos Y Recipientes De Metal, Excepto Los Utilizados Para El Envase O El Transporte De Mercancías
1393;Fabricación De Tapetes Y Alfombras Para Pisos
1391;Fabricación De Tejidos De Punto Y Ganchillo
2910;Fabricación De Vehículos Automotores Y Sus Motores
2310;Fabricación De Vidrio Y Productos De Vidrio
6431;Fideicomisos, Fondos Y Entidades Financieras Similares
2591;Forja, Prensado, Estampado Y Laminado De Metal  Pulvimetalurgia
8551;Formación Para El Trabajo
8219;Fotocopiado, Preparación De Documentos Y Otras Actividades Especializadas De Apoyo A Oficina
2431;Fundición De Hierro Y De Acero
2432;Fundición De Metales No Ferrosos
3511;Generación De Energía Eléctrica
9311;Gestión De Instalaciones Deportivas
2410;Industrias Básicas De Hierro Y De Acero
2421;Industrias Básicas De Metales Preciosos
2429;Industrias Básicas De Otros Metales No Ferrosos
3320;Instalación Especializada De Maquinaria Y Equipo Industrial
4322;Instalaciones De Fontanería, Calefacción Y Aire Acondicionado
4321;Instalaciones Eléctricas
6495;Instituciones Especiales Oficiales
7210;Investigaciones Y Desarrollo Experimental En El Campo De Las Ciencias Naturales Y La Ingeniería
7220;Investigaciones Y Desarrollo Experimental En El Campo De Las Ciencias Sociales Y Las Humanidades
9601;Lavado Y Limpieza, Incluso La Limpieza En Seco, De Productos Textiles Y De Piel
6491;Leasing Financiero (Arrendamiento Financiero)
8121;Limpieza General Interior De Edificios
5224;Manipulación De Carga
9521;Mantenimiento Y Reparación De Aparatos Electrónicos De Consumo
9522;Mantenimiento Y Reparación De Aparatos Y Equipos Domésticos Y De Jardinería
9511;Mantenimiento Y Reparación De Computadores Y De Equipo Periférico
9512;Mantenimiento Y Reparación De Equipos De Comunicación
4542;Mantenimiento Y Reparación De Motocicletas Y De Sus Partes Y Piezas
9529;Mantenimiento Y Reparación De Otros Efectos Personales Y Enseres Domésticos
3319;Mantenimiento Y Reparación De Otros Tipos De Equipos Y Sus Componentes N.C.P.
4520;Mantenimiento Y Reparación De Vehículos Automotores
3315;Mantenimiento Y Reparación Especializado De Equipo De Transporte, Excepto Los Vehículos Automotores, Motocicletas Y Bicicletas
3314;Mantenimiento Y Reparación Especializado De Equipo Eléctrico
3313;Mantenimiento Y Reparación Especializado De Equipo Electrónico Y Óptico
3312;Mantenimiento Y Reparación Especializado De Maquinaria Y Equipo
3311;Mantenimiento Y Reparación Especializado De Productos Elaborados En Metal
8423;Orden Público Y Actividades De Seguridad
8230;Organización De Convenciones Y Eventos Comerciales
6619;Otras Actividades Auxiliares De Las Actividades De Servicios Financieros N.C.P.
5229;Otras Actividades Complementarias Al Transporte
8899;Otras Actividades De Asistencia Social N.C.P.
8699;Otras Actividades De Atención De La Salud Humana
8790;Otras Actividades De Atención En Instituciones Con Alojamiento
6494;Otras Actividades De Distribución De Fondos
9008;Otras Actividades De Espectáculos En Vivo N.C.P.
8129;Otras Actividades De Limpieza De Edificios E Instalaciones Industriales
7830;Otras Actividades De Provisión De Talento Humano
8299;Otras Actividades De Servicio De Apoyo A Las Empresas N.C.P.
6499;Otras Actividades De Servicio Financiero, Excepto Las De Seguros Y Pensiones N.C.P.
6399;Otras Actividades De Servicios De Información N.C.P.
9609;Otras Actividades De Servicios Personales N.C.P.
6209;Otras Actividades De Tecnologías De Información Y Actividades De Servicios Informáticos
6190;Otras Actividades De Telecomunicaciones
9319;Otras Actividades Deportivas
4390;Otras Actividades Especializadas Para La Construcción De Edificios Y Obras De Ingeniería Civil
7490;Otras Actividades Profesionales, Científicas Y Técnicas N.C.P.
9329;Otras Actividades Recreativas Y De Esparcimiento N.C.P.
6613;Otras Actividades Relacionadas Con El Mercado De Valores
3290;Otras Industrias Manufactureras N.C.P.
4329;Otras Instalaciones Especializadas
129;Otros Cultivos Permanentes N.C.P.
119;Otros Cultivos Transitorios N.C.P.
1063;Otros Derivados Del Café
7990;Otros Servicios De Reserva Y Actividades Relacionadas
5590;Otros Tipos De Alojamiento N.C.P.
5519;Otros Tipos De Alojamiento Para Visitantes
4799;Otros Tipos De Comercio Al Por Menor No Realizado En Establecimientos, Puestos De Venta O Mercados
8559;Otros Tipos De Educación N.C.P.
5619;Otros Tipos De Expendio De Comidas Preparadas N.C.P.
5819;Otros Trabajos De Edición
9602;Peluquería Y Otros Tratamientos De Belleza
312;Pesca De Agua Dulce
311;Pesca Marítima
9603;Pompas Fúnebres Y Actividades Relacionadas
6312;Portales Web
4312;Preparación Del Terreno
1311;Preparación E Hilatura De Fibras Textiles
6311;Procesamiento De Datos, Alojamiento (Hosting) Y Actividades Relacionadas
1011;Procesamiento Y Conservación De Carne Y Productos Cárnicos
1020;Procesamiento Y Conservación De Frutas, Legumbres, Hortalizas Y Tubérculos
1012;Procesamiento Y Conservación De Pescados, Crustáceos Y Moluscos
1820;Producción De Copias A Partir De Grabaciones Originales
3520;Producción De Gas  Distribución De Combustibles Gaseosos Por Tuberías
1103;Producción De Malta, Elaboración De Cervezas Y Otras Bebidas Malteadas
130;Propagación De Plantas (Actividades De Los Viveros, Excepto Viveros Forestales)
7310;Publicidad
6513;Reaseguros
3811;Recolección De Desechos No Peligrosos
3812;Recolección De Desechos Peligrosos
230;Recolección De Productos Forestales Diferentes A La Madera
3830;Recuperación De Materiales
2212;Reencauche De Llantas Usadas
6531;Régimen De Prima Media Con Prestación Definida (Rpm)
8413;Regulación De Las Actividades De Organismos Que Prestan Servicios De Salud, Educativos, Culturales Y Otros Servicios Sociales, Excepto Servicios De Seguridad Social
9523;Reparación De Calzado Y Artículos De Cuero
9524;Reparación De Muebles Y Accesorios Para El Hogar
6512;Seguros De Vida
6511;Seguros Generales
5530;Servicio De Estancia Por Horas
240;Servicios De Apoyo A La Silvicultura
6521;Servicios De Seguros Sociales De Salud
6522;Servicios De Seguros Sociales En Riesgos Laborales
210;Silvicultura Y Otras Actividades Forestales
3530;Suministro De Vapor Y Aire Acondicionado
1312;Tejeduría De Productos Textiles
4330;Terminación Y Acabado De Edificios Y Obras De Ingeniería Civil
3512;Transmisión De Energía Eléctrica
5122;Transporte Aéreo Internacional De Carga
5112;Transporte Aéreo Internacional De Pasajeros
5121;Transporte Aéreo Nacional De Carga
5111;Transporte Aéreo Nacional De Pasajeros
5012;Transporte De Carga Marítimo Y De Cabotaje
4923;Transporte De Carga Por Carretera
4921;Transporte De Pasajeros
5011;Transporte De Pasajeros Marítimo Y De Cabotaje
4912;Transporte Férreo De Carga
4911;Transporte Férreo De Pasajeros
5022;Transporte Fluvial De Carga
5021;Transporte Fluvial De Pasajeros
4922;Transporte Mixto
4930;Transporte Por Tuberías
164;Tratamiento De Semillas Para Propagación
3821;Tratamiento Y Disposición De Desechos No Peligrosos
3822;Tratamiento Y Disposición De Desechos Peligrosos
2592;Tratamiento Y Revestimiento De Metales  Mecanizado
1061;Trilla De Café
