﻿COD_DANE;CIUDAD
68013;Aguada
68020;Albania - Santander
68051;Aratoca
68999;Area Metrop B/Manga
68077;Barbosa
68079;Barichara
68092;Betulia
68101;Bolivar
68001;Bucaramanga
68121;Cabrera
68132;California
68147;Capitanejo
68152;Carcasi
68656;Carmen De Chucuri
68160;Cepita
68162;Cerrito
68167;Charala
68169;Charta
68176;Chima
68179;Chipata
68207;Concepcion
68209;Confines
68211;Contratacion
68217;Coromoro
68229;Curiti
68245;El Guacamayo
68250;El Peñon
68255;El Playon
68264;Encino
68266;Enciso
68271;Florian
68276;Floridablanca
68296;Galan
68298;Gambita
68307;Giron
68318;Guaca
68320;Guadalupe
68322;Guapota
68324;Guavata
68327;Guepsa
68344;Hato
68368;Jesus Maria
68370;Jordan
68377;La Belleza
68397;La Paz
68406;Lebrija
68418;Los Santos
68425;Macaravita
68432;Malaga
68444;Matanza
68464;Mogotes
68468;Molagavita
68498;Ocamonte
68500;Oiba
68502;Onzaga
68522;Palmar
68524;Palmas Del Socorro
68533;Paramo
68547;Piedecuesta
68549;Pinchote
68572;Puente Nacional
68615;Rionegro
68669;San Andres
68673;San Benito
68679;San Gil
68682;San Joaquin
68684;San Jose De Miranda
68686;San Miguel
68705;Santa Barbara
68720;Santa Helena Del Opon
68745;Simacota
68755;Socorro
68770;Suaita
68773;Sucre - Santander
68780;Surata
68820;Tona
68855;Valle De San Jose
68861;Velez
68867;Vetas
68872;Villanueva
68895;Zapatoca
