﻿Cod_Sector_economico;SECTOR ECONOMICO
0;"Comercio Al Por Mayor Y Al Por Menor; Reparación De Vehículos Automotores Y Motocicletas"
1;Actividades Artísticas  De Entretenimiento Y Recreación
2;Actividades De Atención De La Salud Humana Y De Asistencia Social
3;"Actividades De Los Hogares Individuales En Calidad De Empleadores; Actividades No Diferenciadas De Los Hogares Individuales Como Productores De Bienes Y Servicios Para Uso Propio."
4;Actividades De Servicios Administrativos Y De Apoyo
5;Actividades Financieras Y De Seguros
6;Actividades Inmobiliarias
7;Actividades Profesionales  Cientificas Y Tecnicas
8;"Administración Pública Y Defensa; Planes De Seguridad Social De Afiliación Obligatoria"
9;Agricultura  Ganadería  Caza  Silvicultura Y Pesca
10;Alojamiento Y Servicios De Comida
11;Construcción
12;"Distribución De Agua; Evacuación Y Tratamiento De Aguas Residuales  Gestión De Desechos Y Actividades De Saneamiento Ambiental"
13;Educación
14;Explotación De Minas Y Canteras
15;Industrias Manufactureras
16;Información Y Comunicaciones
17;Otras Actividades De Servicios
18;Suministro De Electricidad  Gas  Vapor Y Aire Acondicionado
19;Transporte Y Almacenamiento
